{
  "garage_id": "sandy_liqour_public",
  "name": "Sandys Liqour store",
  "type": "public",
  "shared": false,
  "location": {
    "vector": {
      "x": 945.41,
      "y": 3616.18,
      "z": 32.66
    },
    "width": 18.2,
    "length": 19.2,
    "options": {
      "heading": 0,
      "minZ": 31.63,
      "maxZ": 35.63
    }
  },
  "vehicle_types": ["land"],
  "parking_spots": [
    {
      "type": "land",
      "size": 2.0,
      "distance": 1.8,
      "heading": 270.0,
      "coords": {
        "x": 951.82397460938,
        "y": 3615.50390625,
        "z": 31.635999679565
      }
    },
    {
      "type": "land",
      "size": 2.0,
      "distance": 1.8,
      "heading": 270.0,
      "coords": {
        "x": 951.73498535156,
        "y": 3619.1879882812,
        "z": 31.54400062561
      }
    },
    {
      "type": "land",
      "size": 2.0,
      "distance": 1.8,
      "heading": 270.0,
      "coords": {
        "x": 951.64599609375,
        "y": 3622.8720703125,
        "z": 31.45299911499
      }
    }
  ]
}
