{
  "power": [
    {
      "x": 522.8071,
      "y": -828.143433,
      "z": 14.311367
    }
  ]
}
