{
  "humanelabs": {
    "name": "Humane Labs",
    "levels": {
      "labo": {
        "name": "Labo's",
        "interact": { "x": 3541.95, "y": 3673.85, "z": 28.23 },
        "spawn": { "x": 3540.74, "y": 3675.59, "z": 28.11, "w": 172.5 }
      },
      "basement": {
        "name": "Kelder",
        "interact": { "x": 3541.95, "y": 3673.85, "z": 21.12 },
        "spawn": { "x": 3540.68, "y": 3675.67, "z": 20.99, "w": 171.95 }
      }
    }
  },
  "schlongberg": {
    "name": "Schlongberg-Sachs",
    "levels": {
      "roof": {
        "name": "Dak",
        "interact": { "x": -198.95, "y": -741.05, "z": 217.19 },
        "spawn": { "x": -199.1344451904297, "y": -740.42431640625, "z": 216.90603637695312, "w": 72.66661071777344 }
      },
      "main": {
        "name": "Terras",
        "interact": { "x": -176.32, "y": -759.51, "z": 44.22 },
        "spawn": { "x": -175.9527587890625, "y": -759.646728515625, "z": 44.225914001464844, "w": 252.40078735351562 }
      },
      "bottom": {
        "name": "Zijingang",
        "interact": { "x": -185.32, "y": -758.89, "z": 30.45 },
        "spawn": { "x": -185.41259765625, "y": -759.40966796875, "z": 30.454004287719727, "w": 157.60018920898438 }
      }
    }
  },
  "elginhouse": {
    "name": "Elgin House Hotel",
    "levels": {
      "roof": {
        "name": "Dak",
        "interact": { "z": 103.62187194824219, "y": -428.8575439453125, "x": -1293.4722900390625 },
        "spawn": { "x": -1292.93408203125, "y": -428.8326416015625, "z": 103.46549987792969, "w": 301.5220642089844 }
      },
      "main": {
        "name": "Ingang",
        "interact": { "z": 34.94536590576172, "y": -430.7218017578125, "x": -1288.6812744140625 },
        "spawn": { "x": -1288.353515625, "y": -430.64569091796875, "z": 35.1546630859375, "w": 300.0778503417969 }
      }
    }
  },
  "weazelplaza": {
    "name": "Weazel Plaza Apartments",
    "levels": {
      "roof": {
        "name": "Dak",
        "interact": { "z": 168.29901123046875, "y": -444.7652893066406, "x": -908.1441650390625 },
        "spawn": { "x": -908.6035766601562, "y": -444.93994140625, "z": 168.1187286376953, "w": 116.67353057861328 }
      },
      "main": {
        "name": "Ingang",
        "interact": { "z": 39.663047790527344, "y": -450.31707763671875, "x": -915.8098754882812 },
        "spawn": { "x": -916.201904296875, "y": -450.4416198730469, "z": 39.59983444213867, "w": 116.65299987792969 }
      }
    }
  },
  "weazelnews": {
    "name": "Weazel News",
    "levels": {
      "roof": {
        "name": "Dak",
        "interact": { "z": 37.09451675415039, "y": -927.3123779296875, "x": -568.48779296875 },
        "spawn": { "x": -568.8980102539062, "y": -927.7427978515625, "z": 36.83355712890625, "w": 91.91045379638672 }
      },
      "main": {
        "name": "Zijingang",
        "interact": { "z": 23.971521377563477, "y": -939.6353149414062, "x": -575.0228881835938 },
        "spawn": { "x": -575.1135864257812, "y": -940.3181762695312, "z": 23.861568450927734, "w": 180.554931640625 }
      }
    }
  },
  "delperroheights": {
    "name": "Del Perro Heights",
    "levels": {
      "roof": {
        "name": "Dak",
        "interact": { "z": 85.10944366455078, "y": -541.0567016601562, "x": -1450.5250244140625 },
        "spawn": { "x": -1450.96044921875, "y": -541.0629272460938, "z": 85.0729751586914, "w": 130.4546661376953 }
      },
      "main": {
        "name": "Ingang",
        "interact": { "z": 34.83124923706055, "y": -537.6005249023438, "x": -1448.5635986328125 },
        "spawn": { "x": -1447.640625, "y": -537.4089965820312, "z": 34.74017333984375, "w": 213.42030334472656 }
      }
    }
  },
  "lombanksidebuilding": {
    "name": "Plaza a Jens",
    "levels": {
      "roof": {
        "name": "Dak",
        "interact": { "z": 67.7148666381836, "y": -607.0970458984375, "x": -1518.0216064453125 },
        "spawn": { "x": -1517.60107421875, "y": -607.580810546875, "z": 67.52349090576172, "w": 173.60853576660156 }
      },
      "main": {
        "name": "Ingang",
        "interact": { "z": 31.359384536743164, "y": -606.3827514648438, "x": -1539.2158203125 },
        "spawn": { "x": -1539.191650390625, "y": -606.939453125, "z": 31.2977294921875, "w": 174.81483459472656 }
      }
    }
  },
  "lombank": {
    "name": "Lombank",
    "levels": {
      "roof": {
        "name": "Dak",
        "interact": { "z": 114.53141784667969, "y": -569.4766235351562, "x": -1560.505615234375 },
        "spawn": { "x": -1560.8702392578125, "y": -568.8633422851562, "z": 114.4485092163086, "w": 34.53046417236328 }
      },
      "main": {
        "name": "Ingang",
        "interact": { "z": 34.931880950927734, "y": -570.8937377929688, "x": -1584.5650634765625 },
        "spawn": { "x": -1585.1864013671875, "y": -570.7745361328125, "z": 34.978885650634766, "w": 123.86576080322266 }
      }
    }
  },
  "bannerhotel": {
    "name": "Banner Hotel & Spa",
    "levels": {
      "roof": {
        "name": "Dak",
        "interact": { "z": 75.12769317626953, "y": -520.5619506835938, "x": -1652.6036376953125 },
        "spawn": { "x": -1653.2825927734375, "y": -520.5599365234375, "z": 75.05774688720703, "w": 143.0281219482422 }
      },
      "main": {
        "name": "Ingang",
        "interact": { "z": 36.021507263183594, "y": -532.3584594726562, "x": -1662.1541748046875 },
        "spawn": { "x": -1662.3892822265625, "y": -532.7006225585938, "z": 36.024017333984375, "w": 146.15711975097656 }
      }
    }
  },
  "cnt": {
    "name": "CNT",
    "levels": {
      "roof": {
        "name": "Dak",
        "interact": { "z": 146.34146118164062, "y": 230.4155731201172, "x": 755.1973266601562 },
        "spawn": { "x": 755.8519897460938, "y": 230.2738800048828, "z": 146.12367248535156, "w": 244.21148681640625 }
      },
      "main": {
        "name": "Ingang",
        "interact": { "z": 90.78157043457031, "y": 233.0934600830078, "x": 764.04736328125 },
        "spawn": { "x": 764.6918334960938, "y": 232.67401123046875, "z": 90.70565795898438, "w": 239.47267150878906 }
      }
    }
  },
  "hcv": {
    "name": "HCV Hotel",
    "levels": {
      "roof": {
        "name": "Dak",
        "interact": { "z": 80.0186996459961, "y": -190.18348693847656, "x": -1187.1253662109375 },
        "spawn": { "x": -1187.0491943359375, "y": -190.73110961914062, "z": 79.75114440917969, "w": 194.43560791015625 }
      },
      "swimbad": {
        "name": "Zwembad",
        "interact": { "z": 37.99687576293945, "y": -215.1231689453125, "x": -1192.522705078125 },
        "spawn": { "x": -1192.6895751953125, "y": -215.45777893066406, "z": 37.94483947753906, "w": 152.89529418945312 }
      },
      "swimbad2": {
        "name": "Zwembad Terras",
        "interact": { "z": 42.64882278442383, "y": -215.09861755371094, "x": -1192.5687255859375 },
        "spawn": { "x": -1192.775390625, "y": -215.41957092285156, "z": 42.6164665222168, "w": 152.8440704345703 }
      }
    }
  }
}
